{"cameraMode":{"drawMode":0,"name":"Shaded","section":"Shading Mode"},"sceneLighting":true,"audioPlay":false,"sceneViewState":{"m_AlwaysRefresh":false,"showFog":true,"showSkybox":true,"showFlares":true,"showImageEffects":true,"showParticleSystems":true,"showVisualEffectGraphs":true,"m_FxEnabled":true},"in2DMode":false,"pivot":{"x":-5.623969078063965,"y":-6.3875627517700199,"z":6.603859901428223},"rotation":{"x":-0.04658476263284683,"y":0.9286781549453735,"z":-0.12501318752765656,"w":-0.34606170654296877},"size":14.699187278747559,"orthographic":true}